Code du département,Libellé du département,Code de la commune,Libellé de la commune,Inscrits,Abstentions,% Abs/Ins,Votants,% Vot/Ins,Non-Exprimés,% Non-Exp/Ins,% Non-Exp/Vot,Exprimés,% Exp/Ins,% Exp/Vot,Année,Numéro de tour
34,Hérault,022,Baillargues,5269.0,845.0,16.04,4424.0,83.96,87.0,1.65,1.97,4337.0,82.31,98.03,2017,1
34,Hérault,027,Beaulieu,1437.0,228.0,15.87,1209.0,84.13,28.0,1.95,2.32,1181.0,82.19,97.68,2017,1
34,Hérault,057,Castelnau-le-Lez,14320.0,2638.0,18.42,11682.0,81.58,211.0,1.47,1.81,11471.0,80.1,98.19,2017,1
34,Hérault,058,Castries,4928.0,835.0,16.94,4093.0,83.06,95.0,1.93,2.32,3998.0,81.13,97.68,2017,1
34,Hérault,077,Clapiers,4124.0,437.0,10.6,3687.0,89.4,87.0,2.11,2.36,3600.0,87.29,97.64,2017,1
34,Hérault,087,Cournonsec,2286.0,367.0,16.05,1919.0,83.95,48.0,2.1,2.5,1871.0,81.85,97.5,2017,1
34,Hérault,088,Cournonterral,4776.0,944.0,19.77,3832.0,80.23,93.0,1.95,2.43,3739.0,78.29,97.57,2017,1
34,Hérault,090,Le Crès,7418.0,1362.0,18.36,6056.0,81.64,157.0,2.12,2.59,5899.0,79.52,97.41,2017,1
34,Hérault,095,Fabrègues,5773.0,1033.0,17.89,4740.0,82.11,111.0,1.92,2.34,4629.0,80.18,97.66,2017,1
34,Hérault,116,Grabels,5435.0,891.0,16.39,4544.0,83.61,81.0,1.49,1.78,4463.0,82.12,98.22,2017,1
34,Hérault,120,Jacou,4760.0,650.0,13.66,4110.0,86.34,100.0,2.1,2.43,4010.0,84.24,97.57,2017,1
34,Hérault,123,Juvignac,7530.0,1500.0,19.92,6030.0,80.08,106.0,1.41,1.76,5924.0,78.67,98.24,2017,1
34,Hérault,129,Lattes,13639.0,2451.0,17.97,11188.0,82.03,219.0,1.61,1.96,10969.0,80.42,98.04,2017,1
34,Hérault,134,Lavérune,2458.0,398.0,16.19,2060.0,83.81,49.0,1.99,2.38,2011.0,81.81,97.62,2017,1
34,Hérault,164,Montaud,793.0,123.0,15.51,670.0,84.49,15.0,1.89,2.24,655.0,82.6,97.76,2017,1
34,Hérault,169,Montferrier-sur-Lez,3279.0,438.0,13.36,2841.0,86.64,42.0,1.28,1.48,2799.0,85.36,98.52,2017,1
34,Hérault,172,Montpellier,149758.0,37492.0,25.04,112266.0,74.96,2203.0,1.47,1.96,110063.0,73.49,98.04,2017,1
34,Hérault,179,Murviel-lès-Montpellier,1435.0,186.0,12.96,1249.0,87.04,33.0,2.3,2.64,1216.0,84.74,97.36,2017,1
34,Hérault,198,Pérols,7426.0,1276.0,17.18,6150.0,82.82,127.0,1.71,2.07,6023.0,81.11,97.93,2017,1
34,Hérault,202,Pignan,5683.0,901.0,15.85,4782.0,84.15,120.0,2.11,2.51,4662.0,82.03,97.49,2017,1
34,Hérault,217,Prades-le-Lez,4239.0,526.0,12.41,3713.0,87.59,86.0,2.03,2.32,3627.0,85.56,97.68,2017,1
34,Hérault,227,Restinclières,1435.0,257.0,17.91,1178.0,82.09,17.0,1.18,1.44,1161.0,80.91,98.56,2017,1
34,Hérault,244,Saint-Brès,2254.0,427.0,18.94,1827.0,81.06,69.0,3.06,3.78,1758.0,77.99,96.22,2017,1
34,Hérault,249,Saint-Drézéry,1980.0,301.0,15.2,1679.0,84.8,27.0,1.36,1.61,1652.0,83.43,98.39,2017,1
34,Hérault,256,Saint-Geniès-des-Mourgues,1614.0,252.0,15.61,1362.0,84.39,37.0,2.29,2.72,1325.0,82.09,97.28,2017,1
34,Hérault,259,Saint-Georges-d'Orques,4467.0,899.0,20.13,3568.0,79.87,65.0,1.46,1.82,3503.0,78.42,98.18,2017,1
34,Hérault,270,Saint-Jean-de-Védas,7893.0,1237.0,15.67,6656.0,84.33,132.0,1.67,1.98,6524.0,82.66,98.02,2017,1
34,Hérault,295,Saussan,1228.0,183.0,14.9,1045.0,85.1,17.0,1.38,1.63,1028.0,83.71,98.37,2017,1
34,Hérault,307,Sussargues,2227.0,316.0,14.19,1911.0,85.81,33.0,1.48,1.73,1878.0,84.33,98.27,2017,1
34,Hérault,327,Vendargues,5167.0,858.0,16.61,4309.0,83.39,109.0,2.11,2.53,4200.0,81.29,97.47,2017,1
34,Hérault,337,Villeneuve-lès-Maguelone,6964.0,1179.0,16.93,5785.0,83.07,149.0,2.14,2.58,5636.0,80.93,97.42,2017,1
35,Ille-et-Vilaine,001,Acigné,5041.0,594.0,11.78,4447.0,88.22,85.0,1.69,1.91,4362.0,86.53,98.09,2017,1
35,Ille-et-Vilaine,022,Bécherel,486.0,69.0,14.2,417.0,85.8,9.0,1.85,2.16,408.0,83.95,97.84,2017,1
35,Ille-et-Vilaine,024,Betton,8839.0,1060.0,11.99,7779.0,88.01,125.0,1.41,1.61,7654.0,86.59,98.39,2017,1
35,Ille-et-Vilaine,032,Bourgbarré,2812.0,402.0,14.3,2410.0,85.7,67.0,2.38,2.78,2343.0,83.32,97.22,2017,1
35,Ille-et-Vilaine,039,Brécé,1524.0,194.0,12.73,1330.0,87.27,31.0,2.03,2.33,1299.0,85.24,97.67,2017,1
35,Ille-et-Vilaine,047,Bruz,12497.0,2056.0,16.45,10441.0,83.55,202.0,1.62,1.93,10239.0,81.93,98.07,2017,1
35,Ille-et-Vilaine,051,Cesson-Sévigné,13218.0,1847.0,13.97,11371.0,86.03,191.0,1.44,1.68,11180.0,84.58,98.32,2017,1
35,Ille-et-Vilaine,055,Chantepie,7298.0,1168.0,16.0,6130.0,84.0,111.0,1.52,1.81,6019.0,82.47,98.19,2017,1
35,Ille-et-Vilaine,058,La Chapelle-Chaussée,865.0,97.0,11.21,768.0,88.79,20.0,2.31,2.6,748.0,86.47,97.4,2017,1
35,Ille-et-Vilaine,059,La Chapelle-des-Fougeretz,3305.0,441.0,13.34,2864.0,86.66,65.0,1.97,2.27,2799.0,84.69,97.73,2017,1
35,Ille-et-Vilaine,065,La Chapelle-Thouarault,1599.0,164.0,10.26,1435.0,89.74,33.0,2.06,2.3,1402.0,87.68,97.7,2017,1
35,Ille-et-Vilaine,066,Chartres-de-Bretagne,5801.0,1016.0,17.51,4785.0,82.49,97.0,1.67,2.03,4688.0,80.81,97.97,2017,1
35,Ille-et-Vilaine,076,Chavagne,3148.0,493.0,15.66,2655.0,84.34,53.0,1.68,2.0,2602.0,82.66,98.0,2017,1
35,Ille-et-Vilaine,079,Chevaigné,1698.0,163.0,9.6,1535.0,90.4,39.0,2.3,2.54,1496.0,88.1,97.46,2017,1
35,Ille-et-Vilaine,080,Cintré,1564.0,153.0,9.78,1411.0,90.22,37.0,2.37,2.62,1374.0,87.85,97.38,2017,1
35,Ille-et-Vilaine,081,Clayes,560.0,37.0,6.61,523.0,93.39,11.0,1.96,2.1,512.0,91.43,97.9,2017,1
35,Ille-et-Vilaine,088,Corps-Nuds,2334.0,302.0,12.94,2032.0,87.06,40.0,1.71,1.97,1992.0,85.35,98.03,2017,1
35,Ille-et-Vilaine,120,Gévezé,3710.0,532.0,14.34,3178.0,85.66,86.0,2.32,2.71,3092.0,83.34,97.29,2017,1
35,Ille-et-Vilaine,131,L'Hermitage,2945.0,340.0,11.54,2605.0,88.46,53.0,1.8,2.03,2552.0,86.66,97.97,2017,1
35,Ille-et-Vilaine,139,Laillé,3940.0,501.0,12.72,3439.0,87.28,84.0,2.13,2.44,3355.0,85.15,97.56,2017,1
35,Ille-et-Vilaine,144,Langan,751.0,98.0,13.05,653.0,86.95,20.0,2.66,3.06,633.0,84.29,96.94,2017,1
35,Ille-et-Vilaine,180,Miniac-sous-Bécherel,533.0,70.0,13.13,463.0,86.87,8.0,1.5,1.73,455.0,85.37,98.27,2017,1
35,Ille-et-Vilaine,189,Montgermont,2420.0,251.0,10.37,2169.0,89.63,48.0,1.98,2.21,2121.0,87.64,97.79,2017,1
35,Ille-et-Vilaine,196,Mordelles,5756.0,876.0,15.22,4880.0,84.78,101.0,1.75,2.07,4779.0,83.03,97.93,2017,1
35,Ille-et-Vilaine,204,Nouvoitou,2395.0,354.0,14.78,2041.0,85.22,40.0,1.67,1.96,2001.0,83.55,98.04,2017,1
35,Ille-et-Vilaine,206,Noyal-Châtillon-sur-Seiche,4931.0,670.0,13.59,4261.0,86.41,81.0,1.64,1.9,4180.0,84.77,98.1,2017,1
35,Ille-et-Vilaine,208,Orgères,3157.0,363.0,11.5,2794.0,88.5,77.0,2.44,2.76,2717.0,86.06,97.24,2017,1
35,Ille-et-Vilaine,210,Pacé,8314.0,899.0,10.81,7415.0,89.19,140.0,1.68,1.89,7275.0,87.5,98.11,2017,1
35,Ille-et-Vilaine,216,Parthenay-de-Bretagne,1063.0,120.0,11.29,943.0,88.71,27.0,2.54,2.86,916.0,86.17,97.14,2017,1
35,Ille-et-Vilaine,238,Rennes,117439.0,24622.0,20.97,92817.0,79.03,1505.0,1.28,1.62,91312.0,77.75,98.38,2017,1
35,Ille-et-Vilaine,240,Le Rheu,5880.0,874.0,14.86,5006.0,85.14,92.0,1.56,1.84,4914.0,83.57,98.16,2017,1
35,Ille-et-Vilaine,245,Romillé,2718.0,350.0,12.88,2368.0,87.12,67.0,2.47,2.83,2301.0,84.66,97.17,2017,1
35,Ille-et-Vilaine,250,Saint-Armel,1352.0,134.0,9.91,1218.0,90.09,26.0,1.92,2.13,1192.0,88.17,97.87,2017,1
35,Ille-et-Vilaine,266,Saint-Erblon,2210.0,271.0,12.26,1939.0,87.74,30.0,1.36,1.55,1909.0,86.38,98.45,2017,1
35,Ille-et-Vilaine,275,Saint-Gilles,3197.0,304.0,9.51,2893.0,90.49,57.0,1.78,1.97,2836.0,88.71,98.03,2017,1
35,Ille-et-Vilaine,278,Saint-Grégoire,7832.0,1171.0,14.95,6661.0,85.05,100.0,1.28,1.5,6561.0,83.77,98.5,2017,1
35,Ille-et-Vilaine,281,Saint-Jacques-de-la-Lande,7486.0,1464.0,19.56,6022.0,80.44,119.0,1.59,1.98,5903.0,78.85,98.02,2017,1
35,Ille-et-Vilaine,315,Saint-Sulpice-la-Forêt,1048.0,113.0,10.78,935.0,89.22,17.0,1.62,1.82,918.0,87.6,98.18,2017,1
35,Ille-et-Vilaine,334,Thorigné-Fouillard,6187.0,714.0,11.54,5473.0,88.46,94.0,1.52,1.72,5379.0,86.94,98.28,2017,1
35,Ille-et-Vilaine,351,Le Verger,1067.0,146.0,13.68,921.0,86.32,24.0,2.25,2.61,897.0,84.07,97.39,2017,1
35,Ille-et-Vilaine,352,Vern-sur-Seiche,6418.0,923.0,14.38,5495.0,85.62,106.0,1.65,1.93,5389.0,83.97,98.07,2017,1
35,Ille-et-Vilaine,353,Vezin-le-Coquet,3427.0,426.0,12.43,3001.0,87.57,73.0,2.13,2.43,2928.0,85.44,97.57,2017,1
35,Ille-et-Vilaine,363,Pont-Péan,3247.0,466.0,14.35,2781.0,85.65,79.0,2.43,2.84,2702.0,83.22,97.16,2017,1
38,Isère,057,Bresson,569.0,65.0,11.42,504.0,88.58,6.0,1.05,1.19,498.0,87.52,98.81,2017,1
38,Isère,059,Brié-et-Angonnes,2014.0,268.0,13.31,1746.0,86.69,17.0,0.84,0.97,1729.0,85.85,99.03,2017,1
38,Isère,068,Champagnier,917.0,121.0,13.2,796.0,86.8,18.0,1.96,2.26,778.0,84.84,97.74,2017,1
38,Isère,071,Champ-sur-Drac,2325.0,456.0,19.61,1869.0,80.39,50.0,2.15,2.68,1819.0,78.24,97.32,2017,1
38,Isère,111,Claix,6547.0,1078.0,16.47,5469.0,83.53,104.0,1.59,1.9,5365.0,81.95,98.1,2017,1
38,Isère,126,Corenc,3373.0,603.0,17.88,2770.0,82.12,25.0,0.74,0.9,2745.0,81.38,99.1,2017,1
38,Isère,150,Domène,4887.0,931.0,19.05,3956.0,80.95,80.0,1.64,2.02,3876.0,79.31,97.98,2017,1
38,Isère,151,Echirolles,20849.0,5587.0,26.8,15262.0,73.2,320.0,1.53,2.1,14942.0,71.67,97.9,2017,1
38,Isère,158,Eybens,6814.0,1364.0,20.02,5450.0,79.98,118.0,1.73,2.17,5332.0,78.25,97.83,2017,1
38,Isère,169,Fontaine,13075.0,3268.0,24.99,9807.0,75.01,233.0,1.78,2.38,9574.0,73.22,97.62,2017,1
38,Isère,170,Fontanil-Cornillon,2311.0,498.0,21.55,1813.0,78.45,37.0,1.6,2.04,1776.0,76.85,97.96,2017,1
38,Isère,179,Gières,4294.0,788.0,18.35,3506.0,81.65,70.0,1.63,2.0,3436.0,80.02,98.0,2017,1
38,Isère,185,Grenoble,84842.0,20913.0,24.65,63929.0,75.35,1128.0,1.33,1.76,62801.0,74.02,98.24,2017,1
38,Isère,187,Le Gua,1470.0,260.0,17.69,1210.0,82.31,30.0,2.04,2.48,1180.0,80.27,97.52,2017,1
38,Isère,188,Herbeys,1092.0,131.0,12.0,961.0,88.0,11.0,1.01,1.14,950.0,87.0,98.86,2017,1
38,Isère,200,Jarrie,3002.0,462.0,15.39,2540.0,84.61,70.0,2.33,2.76,2470.0,82.28,97.24,2017,1
38,Isère,229,Meylan,14185.0,2510.0,17.69,11675.0,82.31,396.0,2.79,3.39,11279.0,79.51,96.61,2017,1
38,Isère,235,Miribel-Lanchâtre,289.0,28.0,9.69,261.0,90.31,4.0,1.38,1.53,257.0,88.93,98.47,2017,1
38,Isère,252,Montchaboud,283.0,35.0,12.37,248.0,87.63,8.0,2.83,3.23,240.0,84.81,96.77,2017,1
38,Isère,258,Mont-Saint-Martin,96.0,14.0,14.58,82.0,85.42,1.0,1.04,1.22,81.0,84.38,98.78,2017,1
38,Isère,271,Murianette,651.0,88.0,13.52,563.0,86.48,17.0,2.61,3.02,546.0,83.87,96.98,2017,1
38,Isère,277,Notre-Dame-de-Commiers,405.0,78.0,19.26,327.0,80.74,4.0,0.99,1.22,323.0,79.75,98.78,2017,1
38,Isère,279,Notre-Dame-de-Mésage,928.0,145.0,15.63,783.0,84.38,19.0,2.05,2.43,764.0,82.33,97.57,2017,1
38,Isère,281,Noyarey,1742.0,328.0,18.83,1414.0,81.17,28.0,1.61,1.98,1386.0,79.56,98.02,2017,1
38,Isère,309,Poisat,1577.0,249.0,15.79,1328.0,84.21,24.0,1.52,1.81,1304.0,82.69,98.19,2017,1
38,Isère,317,Le Pont-de-Claix,6643.0,2021.0,30.42,4622.0,69.58,101.0,1.52,2.19,4521.0,68.06,97.81,2017,1
38,Isère,325,Proveysieux,404.0,66.0,16.34,338.0,83.66,1.0,0.25,0.3,337.0,83.42,99.7,2017,1
38,Isère,328,Quaix-en-Chartreuse,763.0,130.0,17.04,633.0,82.96,16.0,2.1,2.53,617.0,80.87,97.47,2017,1
38,Isère,364,Saint-Barthélemy-de-Séchilienne,354.0,60.0,16.95,294.0,83.05,5.0,1.41,1.7,289.0,81.64,98.3,2017,1
38,Isère,382,Saint-Egrève,11880.0,2692.0,22.66,9188.0,77.34,171.0,1.44,1.86,9017.0,75.9,98.14,2017,1
38,Isère,388,Saint-Georges-de-Commiers,1674.0,298.0,17.8,1376.0,82.2,31.0,1.85,2.25,1345.0,80.35,97.75,2017,1
38,Isère,421,Saint-Martin-d'Hères,18577.0,5057.0,27.22,13520.0,72.78,301.0,1.62,2.23,13219.0,71.16,97.77,2017,1
38,Isère,423,Saint-Martin-le-Vinoux,3872.0,1213.0,31.33,2659.0,68.67,43.0,1.11,1.62,2616.0,67.56,98.38,2017,1
38,Isère,436,Saint-Paul-de-Varces,1870.0,317.0,16.95,1553.0,83.05,32.0,1.71,2.06,1521.0,81.34,97.94,2017,1
38,Isère,445,Saint-Pierre-de-Mésage,549.0,82.0,14.94,467.0,85.06,19.0,3.46,4.07,448.0,81.6,95.93,2017,1
38,Isère,471,Le Sappey-en-Chartreuse,943.0,165.0,17.5,778.0,82.5,10.0,1.06,1.29,768.0,81.44,98.71,2017,1
38,Isère,472,Sarcenas,184.0,31.0,16.85,153.0,83.15,1.0,0.54,0.65,152.0,82.61,99.35,2017,1
38,Isère,474,Sassenage,7945.0,1410.0,17.75,6535.0,82.25,166.0,2.09,2.54,6369.0,80.16,97.46,2017,1
38,Isère,478,Séchilienne,740.0,145.0,19.59,595.0,80.41,16.0,2.16,2.69,579.0,78.24,97.31,2017,1
38,Isère,485,Seyssinet-Pariset,8364.0,1605.0,19.19,6759.0,80.81,156.0,1.87,2.31,6603.0,78.95,97.69,2017,1
38,Isère,486,Seyssins,5636.0,908.0,16.11,4728.0,83.89,74.0,1.31,1.57,4654.0,82.58,98.43,2017,1
38,Isère,516,La Tronche,4107.0,709.0,17.26,3398.0,82.74,53.0,1.29,1.56,3345.0,81.45,98.44,2017,1
38,Isère,524,Varces-Allières-et-Risset,5113.0,993.0,19.42,4120.0,80.58,73.0,1.43,1.77,4047.0,79.15,98.23,2017,1
38,Isère,528,Vaulnaveys-le-Bas,979.0,176.0,17.98,803.0,82.02,13.0,1.33,1.62,790.0,80.69,98.38,2017,1
38,Isère,529,Vaulnaveys-le-Haut,3060.0,649.0,21.21,2411.0,78.79,39.0,1.27,1.62,2372.0,77.52,98.38,2017,1
38,Isère,533,Venon,627.0,99.0,15.79,528.0,84.21,17.0,2.71,3.22,511.0,81.5,96.78,2017,1
38,Isère,540,Veurey-Voroize,1076.0,202.0,18.77,874.0,81.23,15.0,1.39,1.72,859.0,79.83,98.28,2017,1
38,Isère,545,Vif,6365.0,1181.0,18.55,5184.0,81.45,107.0,1.68,2.06,5077.0,79.76,97.94,2017,1
38,Isère,562,Vizille,4961.0,1347.0,27.15,3614.0,72.85,84.0,1.69,2.32,3530.0,71.16,97.68,2017,1
42,Loire,001,Aboën,330.0,44.0,13.33,286.0,86.67,6.0,1.82,2.1,280.0,84.85,97.9,2017,1
42,Loire,005,Andrézieux-Bouthéon,6057.0,1483.0,24.48,4574.0,75.52,104.0,1.72,2.27,4470.0,73.8,97.73,2017,1
42,Loire,031,Caloire,286.0,44.0,15.38,242.0,84.62,1.0,0.35,0.41,241.0,84.27,99.59,2017,1
42,Loire,032,Cellieu,1278.0,194.0,15.18,1084.0,84.82,26.0,2.03,2.4,1058.0,82.79,97.6,2017,1
42,Loire,036,Chagnon,381.0,51.0,13.39,330.0,86.61,10.0,2.62,3.03,320.0,83.99,96.97,2017,1
42,Loire,043,Chamboeuf,1343.0,166.0,12.36,1177.0,87.64,23.0,1.71,1.95,1154.0,85.93,98.05,2017,1
42,Loire,044,Le Chambon-Feugerolles,7750.0,2013.0,25.97,5737.0,74.03,163.0,2.1,2.84,5574.0,71.92,97.16,2017,1
42,Loire,053,Châteauneuf,1284.0,208.0,16.2,1076.0,83.8,25.0,1.95,2.32,1051.0,81.85,97.68,2017,1
42,Loire,083,Dargoire,397.0,60.0,15.11,337.0,84.89,10.0,2.52,2.97,327.0,82.37,97.03,2017,1
42,Loire,085,Doizieux,693.0,109.0,15.73,584.0,84.27,17.0,2.45,2.91,567.0,81.82,97.09,2017,1
42,Loire,092,L'Etrat,2096.0,333.0,15.89,1763.0,84.11,38.0,1.81,2.16,1725.0,82.3,97.84,2017,1
42,Loire,093,Farnay,1019.0,130.0,12.76,889.0,87.24,13.0,1.28,1.46,876.0,85.97,98.54,2017,1
42,Loire,095,Firminy,11104.0,2920.0,26.3,8184.0,73.7,251.0,2.26,3.07,7933.0,71.44,96.93,2017,1
42,Loire,096,Fontanès,483.0,70.0,14.49,413.0,85.51,13.0,2.69,3.15,400.0,82.82,96.85,2017,1
42,Loire,097,La Fouillouse,3475.0,604.0,17.38,2871.0,82.62,53.0,1.53,1.85,2818.0,81.09,98.15,2017,1
42,Loire,099,Fraisses,2763.0,515.0,18.64,2248.0,81.36,78.0,2.82,3.47,2170.0,78.54,96.53,2017,1
42,Loire,100,La Gimond,214.0,28.0,13.08,186.0,86.92,8.0,3.74,4.3,178.0,83.18,95.7,2017,1
42,Loire,103,La Grand-Croix,2956.0,703.0,23.78,2253.0,76.22,53.0,1.79,2.35,2200.0,74.42,97.65,2017,1
42,Loire,110,L'Horme,2962.0,704.0,23.77,2258.0,76.23,46.0,1.55,2.04,2212.0,74.68,97.96,2017,1
42,Loire,123,Lorette,2971.0,656.0,22.08,2315.0,77.92,55.0,1.85,2.38,2260.0,76.07,97.62,2017,1
42,Loire,133,Marcenod,491.0,49.0,9.98,442.0,90.02,16.0,3.26,3.62,426.0,86.76,96.38,2017,1
42,Loire,167,Pavezin,268.0,32.0,11.94,236.0,88.06,9.0,3.36,3.81,227.0,84.7,96.19,2017,1
42,Loire,183,La Ricamarie,4808.0,1737.0,36.13,3071.0,63.87,66.0,1.37,2.15,3005.0,62.5,97.85,2017,1
42,Loire,186,Rive-de-Gier,8224.0,2469.0,30.02,5755.0,69.98,130.0,1.58,2.26,5625.0,68.4,97.74,2017,1
42,Loire,189,Roche-la-Molière,7672.0,1726.0,22.5,5946.0,77.5,140.0,1.82,2.35,5806.0,75.68,97.65,2017,1
42,Loire,192,Rozier-Côtes-d'Aurec,360.0,69.0,19.17,291.0,80.83,4.0,1.11,1.37,287.0,79.72,98.63,2017,1
42,Loire,206,Saint-Bonnet-les-Oules,1331.0,190.0,14.27,1141.0,85.73,23.0,1.73,2.02,1118.0,84.0,97.98,2017,1
42,Loire,207,Saint-Chamond,23999.0,7258.0,30.24,16741.0,69.76,516.0,2.15,3.08,16225.0,67.61,96.92,2017,1
42,Loire,208,Saint-Christo-en-Jarez,1317.0,128.0,9.72,1189.0,90.28,34.0,2.58,2.86,1155.0,87.7,97.14,2017,1
42,Loire,210,Sainte-Croix-en-Jarez,363.0,67.0,18.46,296.0,81.54,6.0,1.65,2.03,290.0,79.89,97.97,2017,1
42,Loire,218,Saint-Etienne,91822.0,24559.0,26.75,67263.0,73.25,1365.0,1.49,2.03,65898.0,71.77,97.97,2017,1
42,Loire,222,Saint-Galmier,4073.0,664.0,16.3,3409.0,83.7,89.0,2.19,2.61,3320.0,81.51,97.39,2017,1
42,Loire,223,Saint-Genest-Lerpt,4289.0,740.0,17.25,3549.0,82.75,82.0,1.91,2.31,3467.0,80.83,97.69,2017,1
42,Loire,225,Genilac,2854.0,559.0,19.59,2295.0,80.41,54.0,1.89,2.35,2241.0,78.52,97.65,2017,1
42,Loire,234,Saint-Héand,2865.0,494.0,17.24,2371.0,82.76,64.0,2.23,2.7,2307.0,80.52,97.3,2017,1
42,Loire,237,Saint-Jean-Bonnefonds,4779.0,1075.0,22.49,3704.0,77.51,125.0,2.62,3.37,3579.0,74.89,96.63,2017,1
42,Loire,242,Saint-Joseph,1415.0,268.0,18.94,1147.0,81.06,30.0,2.12,2.62,1117.0,78.94,97.38,2017,1
42,Loire,259,Saint-Martin-la-Plaine,2788.0,446.0,16.0,2342.0,84.0,61.0,2.19,2.6,2281.0,81.81,97.4,2017,1
42,Loire,262,Saint-Maurice-en-Gourgois,1206.0,179.0,14.84,1027.0,85.16,18.0,1.49,1.75,1009.0,83.67,98.25,2017,1
42,Loire,266,Saint-Nizier-de-Fornas,499.0,72.0,14.43,427.0,85.57,7.0,1.4,1.64,420.0,84.17,98.36,2017,1
42,Loire,270,Saint-Paul-en-Cornillon,1069.0,193.0,18.05,876.0,81.95,22.0,2.06,2.51,854.0,79.89,97.49,2017,1
42,Loire,271,Saint-Paul-en-Jarez,3021.0,506.0,16.75,2515.0,83.25,61.0,2.02,2.43,2454.0,81.23,97.57,2017,1
42,Loire,275,Saint-Priest-en-Jarez,4150.0,768.0,18.51,3382.0,81.49,87.0,2.1,2.57,3295.0,79.4,97.43,2017,1
42,Loire,283,Saint-Romain-en-Jarez,959.0,151.0,15.75,808.0,84.25,22.0,2.29,2.72,786.0,81.96,97.28,2017,1
42,Loire,302,Sorbiers,6140.0,1042.0,16.97,5098.0,83.03,126.0,2.05,2.47,4972.0,80.98,97.53,2017,1
42,Loire,305,La Talaudière,4484.0,843.0,18.8,3641.0,81.2,81.0,1.81,2.22,3560.0,79.39,97.78,2017,1
42,Loire,307,Tartaras,571.0,68.0,11.91,503.0,88.09,18.0,3.15,3.58,485.0,84.94,96.42,2017,1
42,Loire,308,La Terrasse-sur-Dorlay,557.0,81.0,14.54,476.0,85.46,8.0,1.44,1.68,468.0,84.02,98.32,2017,1
42,Loire,311,La Tour-en-Jarez,932.0,124.0,13.3,808.0,86.7,16.0,1.72,1.98,792.0,84.98,98.02,2017,1
42,Loire,316,Unieux,5971.0,1294.0,21.67,4677.0,78.33,124.0,2.08,2.65,4553.0,76.25,97.35,2017,1
42,Loire,320,Valfleury,479.0,67.0,13.99,412.0,86.01,14.0,2.92,3.4,398.0,83.09,96.6,2017,1
42,Loire,322,La Valla-en-Gier,716.0,102.0,14.25,614.0,85.75,16.0,2.23,2.61,598.0,83.52,97.39,2017,1
42,Loire,330,Villars,6046.0,1190.0,19.68,4856.0,80.32,149.0,2.46,3.07,4707.0,77.85,96.93,2017,1
76,Seine-Maritime,005,Amfreville-la-Mi-Voie,2301.0,612.0,26.6,1689.0,73.4,32.0,1.39,1.89,1657.0,72.01,98.11,2017,1
76,Seine-Maritime,020,Anneville-Ambourville,958.0,162.0,16.91,796.0,83.09,26.0,2.71,3.27,770.0,80.38,96.73,2017,1
76,Seine-Maritime,039,Les Authieux-sur-le-Port-Saint-Ouen,964.0,98.0,10.17,866.0,89.83,13.0,1.35,1.5,853.0,88.49,98.5,2017,1
76,Seine-Maritime,056,Bardouville,479.0,50.0,10.44,429.0,89.56,13.0,2.71,3.03,416.0,86.85,96.97,2017,1
76,Seine-Maritime,069,Belbeuf,1888.0,315.0,16.68,1573.0,83.32,17.0,0.9,1.08,1556.0,82.42,98.92,2017,1
76,Seine-Maritime,088,Berville-sur-Seine,406.0,66.0,16.26,340.0,83.74,11.0,2.71,3.24,329.0,81.03,96.76,2017,1
76,Seine-Maritime,095,Bihorel,6208.0,1067.0,17.19,5141.0,82.81,91.0,1.47,1.77,5050.0,81.35,98.23,2017,1
76,Seine-Maritime,103,Bonsecours,5139.0,950.0,18.49,4189.0,81.51,91.0,1.77,2.17,4098.0,79.74,97.83,2017,1
76,Seine-Maritime,108,Bois-Guillaume,11180.0,2408.0,21.54,8772.0,78.46,117.0,1.05,1.33,8655.0,77.42,98.67,2017,1
76,Seine-Maritime,116,Boos,2849.0,417.0,14.64,2432.0,85.36,72.0,2.53,2.96,2360.0,82.84,97.04,2017,1
76,Seine-Maritime,131,La Bouille,498.0,60.0,12.05,438.0,87.95,9.0,1.81,2.05,429.0,86.14,97.95,2017,1
76,Seine-Maritime,157,Canteleu,8998.0,2129.0,23.66,6869.0,76.34,195.0,2.17,2.84,6674.0,74.17,97.16,2017,1
76,Seine-Maritime,165,Caudebec-lès-Elbeuf,6843.0,1828.0,26.71,5015.0,73.29,148.0,2.16,2.95,4867.0,71.12,97.05,2017,1
76,Seine-Maritime,178,Cléon,3105.0,739.0,23.8,2366.0,76.2,54.0,1.74,2.28,2312.0,74.46,97.72,2017,1
76,Seine-Maritime,212,Darnétal,5943.0,1517.0,25.53,4426.0,74.47,122.0,2.05,2.76,4304.0,72.42,97.24,2017,1
76,Seine-Maritime,216,Déville-lès-Rouen,7113.0,1871.0,26.3,5242.0,73.7,133.0,1.87,2.54,5109.0,71.83,97.46,2017,1
76,Seine-Maritime,222,Duclair,3158.0,594.0,18.81,2564.0,81.19,66.0,2.09,2.57,2498.0,79.1,97.43,2017,1
76,Seine-Maritime,231,Elbeuf,9411.0,2842.0,30.2,6569.0,69.8,188.0,2.0,2.86,6381.0,67.8,97.14,2017,1
76,Seine-Maritime,237,Epinay-sur-Duclair,402.0,42.0,10.45,360.0,89.55,8.0,1.99,2.22,352.0,87.56,97.78,2017,1
76,Seine-Maritime,273,Fontaine-sous-Préaux,444.0,52.0,11.71,392.0,88.29,8.0,1.8,2.04,384.0,86.49,97.96,2017,1
76,Seine-Maritime,282,Freneuse,767.0,110.0,14.34,657.0,85.66,14.0,1.83,2.13,643.0,83.83,97.87,2017,1
76,Seine-Maritime,313,Gouy,678.0,71.0,10.47,607.0,89.53,14.0,2.06,2.31,593.0,87.46,97.69,2017,1
76,Seine-Maritime,319,Grand-Couronne,6543.0,1460.0,22.31,5083.0,77.69,122.0,1.86,2.4,4961.0,75.82,97.6,2017,1
76,Seine-Maritime,322,Le Grand-Quevilly,18739.0,3260.0,17.4,15479.0,82.6,482.0,2.57,3.11,14997.0,80.03,96.89,2017,1
76,Seine-Maritime,350,Hautot-sur-Seine,294.0,30.0,10.2,264.0,89.8,6.0,2.04,2.27,258.0,87.76,97.73,2017,1
76,Seine-Maritime,354,Hénouville,1027.0,82.0,7.98,945.0,92.02,18.0,1.75,1.9,927.0,90.26,98.1,2017,1
76,Seine-Maritime,366,Le Houlme,3078.0,715.0,23.23,2363.0,76.77,65.0,2.11,2.75,2298.0,74.66,97.25,2017,1
76,Seine-Maritime,367,Houppeville,2171.0,221.0,10.18,1950.0,89.82,43.0,1.98,2.21,1907.0,87.84,97.79,2017,1
76,Seine-Maritime,377,Isneauville,2423.0,298.0,12.3,2125.0,87.7,24.0,0.99,1.13,2101.0,86.71,98.87,2017,1
76,Seine-Maritime,378,Jumièges,1503.0,318.0,21.16,1185.0,78.84,27.0,1.8,2.28,1158.0,77.05,97.72,2017,1
76,Seine-Maritime,391,La Londe,1963.0,259.0,13.19,1704.0,86.81,58.0,2.95,3.4,1646.0,83.85,96.6,2017,1
76,Seine-Maritime,402,Malaunay,4807.0,1101.0,22.9,3706.0,77.1,115.0,2.39,3.1,3591.0,74.7,96.9,2017,1
76,Seine-Maritime,410,Maromme,6724.0,1473.0,21.91,5251.0,78.09,145.0,2.16,2.76,5106.0,75.94,97.24,2017,1
76,Seine-Maritime,429,Le Mesnil-Esnard,6245.0,919.0,14.72,5326.0,85.28,103.0,1.65,1.93,5223.0,83.63,98.07,2017,1
76,Seine-Maritime,436,Le Mesnil-sous-Jumièges,521.0,91.0,17.47,430.0,82.53,5.0,0.96,1.16,425.0,81.57,98.84,2017,1
76,Seine-Maritime,448,Montmain,1135.0,143.0,12.6,992.0,87.4,12.0,1.06,1.21,980.0,86.34,98.79,2017,1
76,Seine-Maritime,451,Mont-Saint-Aignan,13092.0,2630.0,20.09,10462.0,79.91,174.0,1.33,1.66,10288.0,78.58,98.34,2017,1
76,Seine-Maritime,457,Moulineaux,684.0,141.0,20.61,543.0,79.39,17.0,2.49,3.13,526.0,76.9,96.87,2017,1
76,Seine-Maritime,464,La Neuville-Chant-d'Oisel,1757.0,249.0,14.17,1508.0,85.83,27.0,1.54,1.79,1481.0,84.29,98.21,2017,1
76,Seine-Maritime,474,Notre-Dame-de-Bondeville,5431.0,1268.0,23.35,4163.0,76.65,103.0,1.9,2.47,4060.0,74.76,97.53,2017,1
76,Seine-Maritime,475,Franqueville-Saint-Pierre,4792.0,630.0,13.15,4162.0,86.85,83.0,1.73,1.99,4079.0,85.12,98.01,2017,1
76,Seine-Maritime,484,Oissel,7245.0,1566.0,21.61,5679.0,78.39,151.0,2.08,2.66,5528.0,76.3,97.34,2017,1
76,Seine-Maritime,486,Orival,709.0,168.0,23.7,541.0,76.3,10.0,1.41,1.85,531.0,74.89,98.15,2017,1
76,Seine-Maritime,497,Petit-Couronne,6243.0,1340.0,21.46,4903.0,78.54,141.0,2.26,2.88,4762.0,76.28,97.12,2017,1
76,Seine-Maritime,498,Le Petit-Quevilly,12710.0,3026.0,23.81,9684.0,76.19,233.0,1.83,2.41,9451.0,74.36,97.59,2017,1
76,Seine-Maritime,513,Quevillon,473.0,54.0,11.42,419.0,88.58,12.0,2.54,2.86,407.0,86.05,97.14,2017,1
76,Seine-Maritime,514,Quévreville-la-Poterie,868.0,168.0,19.35,700.0,80.65,21.0,2.42,3.0,679.0,78.23,97.0,2017,1
76,Seine-Maritime,536,Roncherolles-sur-le-Vivier,926.0,109.0,11.77,817.0,88.23,30.0,3.24,3.67,787.0,84.99,96.33,2017,1
76,Seine-Maritime,540,Rouen,57861.0,12892.0,22.28,44969.0,77.72,916.0,1.58,2.04,44053.0,76.14,97.96,2017,1
76,Seine-Maritime,550,Sahurs,1009.0,155.0,15.36,854.0,84.64,21.0,2.08,2.46,833.0,82.56,97.54,2017,1
76,Seine-Maritime,558,Saint-Aubin-Celloville,801.0,94.0,11.74,707.0,88.26,13.0,1.62,1.84,694.0,86.64,98.16,2017,1
76,Seine-Maritime,560,Saint-Aubin-Epinay,772.0,80.0,10.36,692.0,89.64,15.0,1.94,2.17,677.0,87.69,97.83,2017,1
76,Seine-Maritime,561,Saint-Aubin-lès-Elbeuf,5722.0,1255.0,21.93,4467.0,78.07,115.0,2.01,2.57,4352.0,76.06,97.43,2017,1
76,Seine-Maritime,575,Saint-Etienne-du-Rouvray,16964.0,4209.0,24.81,12755.0,75.19,296.0,1.74,2.32,12459.0,73.44,97.68,2017,1
76,Seine-Maritime,591,Saint-Jacques-sur-Darnétal,2373.0,366.0,15.42,2007.0,84.58,52.0,2.19,2.59,1955.0,82.39,97.41,2017,1
76,Seine-Maritime,599,Saint-Léger-du-Bourg-Denis,2591.0,466.0,17.99,2125.0,82.01,58.0,2.24,2.73,2067.0,79.78,97.27,2017,1
76,Seine-Maritime,608,Sainte-Marguerite-sur-Duclair,1480.0,182.0,12.3,1298.0,87.7,27.0,1.82,2.08,1271.0,85.88,97.92,2017,1
76,Seine-Maritime,614,Saint-Martin-de-Boscherville,1288.0,172.0,13.35,1116.0,86.65,17.0,1.32,1.52,1099.0,85.33,98.48,2017,1
76,Seine-Maritime,617,Saint-Martin-du-Vivier,1507.0,195.0,12.94,1312.0,87.06,15.0,1.0,1.14,1297.0,86.07,98.86,2017,1
76,Seine-Maritime,631,Saint-Paër,1066.0,186.0,17.45,880.0,82.55,21.0,1.97,2.39,859.0,80.58,97.61,2017,1
76,Seine-Maritime,634,Saint-Pierre-de-Manneville,656.0,78.0,11.89,578.0,88.11,16.0,2.44,2.77,562.0,85.67,97.23,2017,1
76,Seine-Maritime,636,Saint-Pierre-de-Varengeville,1868.0,250.0,13.38,1618.0,86.62,40.0,2.14,2.47,1578.0,84.48,97.53,2017,1
76,Seine-Maritime,640,Saint-Pierre-lès-Elbeuf,6471.0,1620.0,25.03,4851.0,74.97,125.0,1.93,2.58,4726.0,73.03,97.42,2017,1
76,Seine-Maritime,681,Sotteville-lès-Rouen,20086.0,4272.0,21.27,15814.0,78.73,460.0,2.29,2.91,15354.0,76.44,97.09,2017,1
76,Seine-Maritime,682,Sotteville-sous-le-Val,576.0,90.0,15.63,486.0,84.38,12.0,2.08,2.47,474.0,82.29,97.53,2017,1
76,Seine-Maritime,705,Tourville-la-Rivière,1840.0,326.0,17.72,1514.0,82.28,30.0,1.63,1.98,1484.0,80.65,98.02,2017,1
76,Seine-Maritime,709,Le Trait,3963.0,1147.0,28.94,2816.0,71.06,82.0,2.07,2.91,2734.0,68.99,97.09,2017,1
76,Seine-Maritime,717,Val-de-la-Haye,545.0,77.0,14.13,468.0,85.87,11.0,2.02,2.35,457.0,83.85,97.65,2017,1
76,Seine-Maritime,750,Yainville,881.0,172.0,19.52,709.0,80.48,22.0,2.5,3.1,687.0,77.98,96.9,2017,1
76,Seine-Maritime,753,Ymare,972.0,120.0,12.35,852.0,87.65,21.0,2.16,2.46,831.0,85.49,97.54,2017,1
76,Seine-Maritime,759,Yville-sur-Seine,359.0,42.0,11.7,317.0,88.3,5.0,1.39,1.58,312.0,86.91,98.42,2017,1
34,Hérault,022,Baillargues,5210.0,1073.0,20.6,4137.0,79.4,496.0,9.52,11.99,3641.0,69.88,88.01,2017,2
34,Hérault,027,Beaulieu,1437.0,307.0,21.36,1130.0,78.64,159.0,11.06,14.07,971.0,67.57,85.93,2017,2
34,Hérault,057,Castelnau-le-Lez,14321.0,3461.0,24.17,10860.0,75.83,1176.0,8.21,10.83,9684.0,67.62,89.17,2017,2
34,Hérault,058,Castries,4928.0,1079.0,21.9,3849.0,78.1,460.0,9.33,11.95,3389.0,68.77,88.05,2017,2
34,Hérault,077,Clapiers,4124.0,692.0,16.78,3432.0,83.22,422.0,10.23,12.3,3010.0,72.99,87.7,2017,2
34,Hérault,087,Cournonsec,2286.0,457.0,19.99,1829.0,80.01,235.0,10.28,12.85,1594.0,69.73,87.15,2017,2
34,Hérault,088,Cournonterral,4776.0,1188.0,24.87,3588.0,75.13,431.0,9.02,12.01,3157.0,66.1,87.99,2017,2
34,Hérault,090,Le Crès,7418.0,1742.0,23.48,5676.0,76.52,609.0,8.21,10.73,5067.0,68.31,89.27,2017,2
34,Hérault,095,Fabrègues,5735.0,1321.0,23.03,4414.0,76.97,540.0,9.42,12.23,3874.0,67.55,87.77,2017,2
34,Hérault,116,Grabels,5435.0,1235.0,22.72,4200.0,77.28,527.0,9.7,12.55,3673.0,67.58,87.45,2017,2
34,Hérault,120,Jacou,4760.0,883.0,18.55,3877.0,81.45,492.0,10.34,12.69,3385.0,71.11,87.31,2017,2
34,Hérault,123,Juvignac,7559.0,1941.0,25.68,5618.0,74.32,668.0,8.84,11.89,4950.0,65.48,88.11,2017,2
34,Hérault,129,Lattes,13639.0,3172.0,23.26,10467.0,76.74,1218.0,8.93,11.64,9249.0,67.81,88.36,2017,2
34,Hérault,134,Lavérune,2458.0,515.0,20.95,1943.0,79.05,269.0,10.94,13.84,1674.0,68.1,86.16,2017,2
34,Hérault,164,Montaud,795.0,160.0,20.13,635.0,79.87,79.0,9.94,12.44,556.0,69.94,87.56,2017,2
34,Hérault,169,Montferrier-sur-Lez,3279.0,668.0,20.37,2611.0,79.63,319.0,9.73,12.22,2292.0,69.9,87.78,2017,2
34,Hérault,172,Montpellier,149759.0,45717.0,30.53,104042.0,69.47,10992.0,7.34,10.56,93050.0,62.13,89.44,2017,2
34,Hérault,179,Murviel-lès-Montpellier,1435.0,290.0,20.21,1145.0,79.79,147.0,10.24,12.84,998.0,69.55,87.16,2017,2
34,Hérault,198,Pérols,7428.0,1691.0,22.77,5737.0,77.23,705.0,9.49,12.29,5032.0,67.74,87.71,2017,2
34,Hérault,202,Pignan,5685.0,1206.0,21.21,4479.0,78.79,583.0,10.26,13.02,3896.0,68.53,86.98,2017,2
34,Hérault,217,Prades-le-Lez,4239.0,736.0,17.36,3503.0,82.64,450.0,10.62,12.85,3053.0,72.02,87.15,2017,2
34,Hérault,227,Restinclières,1436.0,318.0,22.14,1118.0,77.86,138.0,9.61,12.34,980.0,68.25,87.66,2017,2
34,Hérault,244,Saint-Brès,2255.0,508.0,22.53,1747.0,77.47,225.0,9.98,12.88,1522.0,67.49,87.12,2017,2
34,Hérault,249,Saint-Drézéry,1980.0,387.0,19.55,1593.0,80.45,194.0,9.8,12.18,1399.0,70.66,87.82,2017,2
34,Hérault,256,Saint-Geniès-des-Mourgues,1614.0,302.0,18.71,1312.0,81.29,179.0,11.09,13.64,1133.0,70.2,86.36,2017,2
34,Hérault,259,Saint-Georges-d'Orques,4467.0,1147.0,25.68,3320.0,74.32,405.0,9.07,12.2,2915.0,65.26,87.8,2017,2
34,Hérault,270,Saint-Jean-de-Védas,7893.0,1629.0,20.64,6264.0,79.36,777.0,9.84,12.4,5487.0,69.52,87.6,2017,2
34,Hérault,295,Saussan,1228.0,243.0,19.79,985.0,80.21,129.0,10.5,13.1,856.0,69.71,86.9,2017,2
34,Hérault,307,Sussargues,2227.0,431.0,19.35,1796.0,80.65,232.0,10.42,12.92,1564.0,70.23,87.08,2017,2
34,Hérault,327,Vendargues,5167.0,1117.0,21.62,4050.0,78.38,544.0,10.53,13.43,3506.0,67.85,86.57,2017,2
34,Hérault,337,Villeneuve-lès-Maguelone,6962.0,1521.0,21.85,5441.0,78.15,679.0,9.75,12.48,4762.0,68.4,87.52,2017,2
35,Ille-et-Vilaine,001,Acigné,5041.0,807.0,16.01,4234.0,83.99,417.0,8.27,9.85,3817.0,75.72,90.15,2017,2
35,Ille-et-Vilaine,022,Bécherel,486.0,87.0,17.9,399.0,82.1,66.0,13.58,16.54,333.0,68.52,83.46,2017,2
35,Ille-et-Vilaine,024,Betton,8835.0,1401.0,15.86,7434.0,84.14,679.0,7.69,9.13,6755.0,76.46,90.87,2017,2
35,Ille-et-Vilaine,032,Bourgbarré,2812.0,543.0,19.31,2269.0,80.69,253.0,9.0,11.15,2016.0,71.69,88.85,2017,2
35,Ille-et-Vilaine,039,Brécé,1524.0,269.0,17.65,1255.0,82.35,161.0,10.56,12.83,1094.0,71.78,87.17,2017,2
35,Ille-et-Vilaine,047,Bruz,12497.0,2675.0,21.41,9822.0,78.59,890.0,7.12,9.06,8932.0,71.47,90.94,2017,2
35,Ille-et-Vilaine,051,Cesson-Sévigné,13218.0,2369.0,17.92,10849.0,82.08,1086.0,8.22,10.01,9763.0,73.86,89.99,2017,2
35,Ille-et-Vilaine,055,Chantepie,7295.0,1502.0,20.59,5793.0,79.41,569.0,7.8,9.82,5224.0,71.61,90.18,2017,2
35,Ille-et-Vilaine,058,La Chapelle-Chaussée,863.0,127.0,14.72,736.0,85.28,96.0,11.12,13.04,640.0,74.16,86.96,2017,2
35,Ille-et-Vilaine,059,La Chapelle-des-Fougeretz,3305.0,558.0,16.88,2747.0,83.12,252.0,7.62,9.17,2495.0,75.49,90.83,2017,2
35,Ille-et-Vilaine,065,La Chapelle-Thouarault,1599.0,250.0,15.63,1349.0,84.37,169.0,10.57,12.53,1180.0,73.8,87.47,2017,2
35,Ille-et-Vilaine,066,Chartres-de-Bretagne,5801.0,1246.0,21.48,4555.0,78.52,458.0,7.9,10.05,4097.0,70.63,89.95,2017,2
35,Ille-et-Vilaine,076,Chavagne,3150.0,639.0,20.29,2511.0,79.71,276.0,8.76,10.99,2235.0,70.95,89.01,2017,2
35,Ille-et-Vilaine,079,Chevaigné,1698.0,224.0,13.19,1474.0,86.81,159.0,9.36,10.79,1315.0,77.44,89.21,2017,2
35,Ille-et-Vilaine,080,Cintré,1564.0,251.0,16.05,1313.0,83.95,170.0,10.87,12.95,1143.0,73.08,87.05,2017,2
35,Ille-et-Vilaine,081,Clayes,560.0,61.0,10.89,499.0,89.11,47.0,8.39,9.42,452.0,80.71,90.58,2017,2
35,Ille-et-Vilaine,088,Corps-Nuds,2334.0,430.0,18.42,1904.0,81.58,202.0,8.65,10.61,1702.0,72.92,89.39,2017,2
35,Ille-et-Vilaine,120,Gévezé,3710.0,692.0,18.65,3018.0,81.35,301.0,8.11,9.97,2717.0,73.23,90.03,2017,2
35,Ille-et-Vilaine,131,L'Hermitage,2945.0,474.0,16.1,2471.0,83.9,274.0,9.3,11.09,2197.0,74.6,88.91,2017,2
35,Ille-et-Vilaine,139,Laillé,3938.0,691.0,17.55,3247.0,82.45,332.0,8.43,10.22,2915.0,74.02,89.78,2017,2
35,Ille-et-Vilaine,144,Langan,751.0,123.0,16.38,628.0,83.62,53.0,7.06,8.44,575.0,76.56,91.56,2017,2
35,Ille-et-Vilaine,180,Miniac-sous-Bécherel,533.0,92.0,17.26,441.0,82.74,54.0,10.13,12.24,387.0,72.61,87.76,2017,2
35,Ille-et-Vilaine,189,Montgermont,2419.0,376.0,15.54,2043.0,84.46,178.0,7.36,8.71,1865.0,77.1,91.29,2017,2
35,Ille-et-Vilaine,196,Mordelles,5756.0,1143.0,19.86,4613.0,80.14,505.0,8.77,10.95,4108.0,71.37,89.05,2017,2
35,Ille-et-Vilaine,204,Nouvoitou,2395.0,474.0,19.79,1921.0,80.21,181.0,7.56,9.42,1740.0,72.65,90.58,2017,2
35,Ille-et-Vilaine,206,Noyal-Châtillon-sur-Seiche,4931.0,904.0,18.33,4027.0,81.67,396.0,8.03,9.83,3631.0,73.64,90.17,2017,2
35,Ille-et-Vilaine,208,Orgères,3157.0,546.0,17.29,2611.0,82.71,316.0,10.01,12.1,2295.0,72.7,87.9,2017,2
35,Ille-et-Vilaine,210,Pacé,8316.0,1307.0,15.72,7009.0,84.28,603.0,7.25,8.6,6406.0,77.03,91.4,2017,2
35,Ille-et-Vilaine,216,Parthenay-de-Bretagne,1063.0,178.0,16.75,885.0,83.25,102.0,9.6,11.53,783.0,73.66,88.47,2017,2
35,Ille-et-Vilaine,238,Rennes,117445.0,30640.0,26.09,86805.0,73.91,8030.0,6.84,9.25,78775.0,67.07,90.75,2017,2
35,Ille-et-Vilaine,240,Le Rheu,5881.0,1176.0,20.0,4705.0,80.0,437.0,7.43,9.29,4268.0,72.57,90.71,2017,2
35,Ille-et-Vilaine,245,Romillé,2718.0,479.0,17.62,2239.0,82.38,245.0,9.01,10.94,1994.0,73.36,89.06,2017,2
35,Ille-et-Vilaine,250,Saint-Armel,1352.0,216.0,15.98,1136.0,84.02,158.0,11.69,13.91,978.0,72.34,86.09,2017,2
35,Ille-et-Vilaine,266,Saint-Erblon,2210.0,375.0,16.97,1835.0,83.03,191.0,8.64,10.41,1644.0,74.39,89.59,2017,2
35,Ille-et-Vilaine,275,Saint-Gilles,3197.0,452.0,14.14,2745.0,85.86,260.0,8.13,9.47,2485.0,77.73,90.53,2017,2
35,Ille-et-Vilaine,278,Saint-Grégoire,7832.0,1541.0,19.68,6291.0,80.32,493.0,6.29,7.84,5798.0,74.03,92.16,2017,2
35,Ille-et-Vilaine,281,Saint-Jacques-de-la-Lande,7486.0,1878.0,25.09,5608.0,74.91,569.0,7.6,10.15,5039.0,67.31,89.85,2017,2
35,Ille-et-Vilaine,315,Saint-Sulpice-la-Forêt,1048.0,164.0,15.65,884.0,84.35,76.0,7.25,8.6,808.0,77.1,91.4,2017,2
35,Ille-et-Vilaine,334,Thorigné-Fouillard,6168.0,953.0,15.45,5215.0,84.55,457.0,7.41,8.76,4758.0,77.14,91.24,2017,2
35,Ille-et-Vilaine,351,Le Verger,1067.0,219.0,20.52,848.0,79.48,104.0,9.75,12.26,744.0,69.73,87.74,2017,2
35,Ille-et-Vilaine,352,Vern-sur-Seiche,6418.0,1223.0,19.06,5195.0,80.94,531.0,8.27,10.22,4664.0,72.67,89.78,2017,2
35,Ille-et-Vilaine,353,Vezin-le-Coquet,3427.0,567.0,16.55,2860.0,83.45,289.0,8.43,10.1,2571.0,75.02,89.9,2017,2
35,Ille-et-Vilaine,363,Pont-Péan,3247.0,605.0,18.63,2642.0,81.37,301.0,9.27,11.39,2341.0,72.1,88.61,2017,2
38,Isère,057,Bresson,569.0,93.0,16.34,476.0,83.66,47.0,8.26,9.87,429.0,75.4,90.13,2017,2
38,Isère,059,Brié-et-Angonnes,2014.0,350.0,17.38,1664.0,82.62,162.0,8.04,9.74,1502.0,74.58,90.26,2017,2
38,Isère,068,Champagnier,917.0,149.0,16.25,768.0,83.75,92.0,10.03,11.98,676.0,73.72,88.02,2017,2
38,Isère,071,Champ-sur-Drac,2326.0,454.0,19.52,1872.0,80.48,229.0,9.85,12.23,1643.0,70.64,87.77,2017,2
38,Isère,111,Claix,6537.0,1273.0,19.47,5264.0,80.53,535.0,8.18,10.16,4729.0,72.34,89.84,2017,2
38,Isère,126,Corenc,3372.0,700.0,20.76,2672.0,79.24,231.0,6.85,8.65,2441.0,72.39,91.35,2017,2
38,Isère,150,Domène,4887.0,1096.0,22.43,3791.0,77.57,412.0,8.43,10.87,3379.0,69.14,89.13,2017,2
38,Isère,151,Echirolles,20849.0,6271.0,30.08,14578.0,69.92,1486.0,7.13,10.19,13092.0,62.79,89.81,2017,2
38,Isère,158,Eybens,6815.0,1510.0,22.16,5305.0,77.84,547.0,8.03,10.31,4758.0,69.82,89.69,2017,2
38,Isère,169,Fontaine,13076.0,3709.0,28.36,9367.0,71.64,980.0,7.49,10.46,8387.0,64.14,89.54,2017,2
38,Isère,170,Fontanil-Cornillon,2311.0,553.0,23.93,1758.0,76.07,200.0,8.65,11.38,1558.0,67.42,88.62,2017,2
38,Isère,179,Gières,4296.0,951.0,22.14,3345.0,77.86,343.0,7.98,10.25,3002.0,69.88,89.75,2017,2
38,Isère,185,Grenoble,84820.0,23784.0,28.04,61036.0,71.96,5488.0,6.47,8.99,55548.0,65.49,91.01,2017,2
38,Isère,187,Le Gua,1470.0,322.0,21.9,1148.0,78.1,128.0,8.71,11.15,1020.0,69.39,88.85,2017,2
38,Isère,188,Herbeys,1092.0,183.0,16.76,909.0,83.24,100.0,9.16,11.0,809.0,74.08,89.0,2017,2
38,Isère,200,Jarrie,3003.0,595.0,19.81,2408.0,80.19,258.0,8.59,10.71,2150.0,71.6,89.29,2017,2
38,Isère,229,Meylan,14167.0,2973.0,20.99,11194.0,79.01,1082.0,7.64,9.67,10112.0,71.38,90.33,2017,2
38,Isère,235,Miribel-Lanchâtre,289.0,30.0,10.38,259.0,89.62,36.0,12.46,13.9,223.0,77.16,86.1,2017,2
38,Isère,252,Montchaboud,283.0,33.0,11.66,250.0,88.34,37.0,13.07,14.8,213.0,75.27,85.2,2017,2
38,Isère,258,Mont-Saint-Martin,96.0,19.0,19.79,77.0,80.21,10.0,10.42,12.99,67.0,69.79,87.01,2017,2
38,Isère,271,Murianette,651.0,86.0,13.21,565.0,86.79,49.0,7.53,8.67,516.0,79.26,91.33,2017,2
38,Isère,277,Notre-Dame-de-Commiers,405.0,105.0,25.93,300.0,74.07,28.0,6.91,9.33,272.0,67.16,90.67,2017,2
38,Isère,279,Notre-Dame-de-Mésage,928.0,191.0,20.58,737.0,79.42,96.0,10.34,13.03,641.0,69.07,86.97,2017,2
38,Isère,281,Noyarey,1738.0,369.0,21.23,1369.0,78.77,151.0,8.69,11.03,1218.0,70.08,88.97,2017,2
38,Isère,309,Poisat,1577.0,280.0,17.76,1297.0,82.24,141.0,8.94,10.87,1156.0,73.3,89.13,2017,2
38,Isère,317,Le Pont-de-Claix,6643.0,2257.0,33.98,4386.0,66.02,460.0,6.92,10.49,3926.0,59.1,89.51,2017,2
38,Isère,325,Proveysieux,404.0,81.0,20.05,323.0,79.95,30.0,7.43,9.29,293.0,72.52,90.71,2017,2
38,Isère,328,Quaix-en-Chartreuse,763.0,136.0,17.82,627.0,82.18,69.0,9.04,11.0,558.0,73.13,89.0,2017,2
38,Isère,364,Saint-Barthélemy-de-Séchilienne,354.0,69.0,19.49,285.0,80.51,40.0,11.3,14.04,245.0,69.21,85.96,2017,2
38,Isère,382,Saint-Egrève,11848.0,2999.0,25.31,8849.0,74.69,897.0,7.57,10.14,7952.0,67.12,89.86,2017,2
38,Isère,388,Saint-Georges-de-Commiers,1674.0,372.0,22.22,1302.0,77.78,145.0,8.66,11.14,1157.0,69.12,88.86,2017,2
38,Isère,421,Saint-Martin-d'Hères,18577.0,5667.0,30.51,12910.0,69.49,1328.0,7.15,10.29,11582.0,62.35,89.71,2017,2
38,Isère,423,Saint-Martin-le-Vinoux,3867.0,1365.0,35.3,2502.0,64.7,267.0,6.9,10.67,2235.0,57.8,89.33,2017,2
38,Isère,436,Saint-Paul-de-Varces,1871.0,392.0,20.95,1479.0,79.05,139.0,7.43,9.4,1340.0,71.62,90.6,2017,2
38,Isère,445,Saint-Pierre-de-Mésage,549.0,101.0,18.4,448.0,81.6,61.0,11.11,13.62,387.0,70.49,86.38,2017,2
38,Isère,471,Le Sappey-en-Chartreuse,943.0,191.0,20.25,752.0,79.75,72.0,7.64,9.57,680.0,72.11,90.43,2017,2
38,Isère,472,Sarcenas,184.0,31.0,16.85,153.0,83.15,27.0,14.67,17.65,126.0,68.48,82.35,2017,2
38,Isère,474,Sassenage,8045.0,1740.0,21.63,6305.0,78.37,650.0,8.08,10.31,5655.0,70.29,89.69,2017,2
38,Isère,478,Séchilienne,740.0,184.0,24.86,556.0,75.14,58.0,7.84,10.43,498.0,67.3,89.57,2017,2
38,Isère,485,Seyssinet-Pariset,8366.0,1881.0,22.48,6485.0,77.52,664.0,7.94,10.24,5821.0,69.58,89.76,2017,2
38,Isère,486,Seyssins,5613.0,994.0,17.71,4619.0,82.29,458.0,8.16,9.92,4161.0,74.13,90.08,2017,2
38,Isère,516,La Tronche,4108.0,832.0,20.25,3276.0,79.75,260.0,6.33,7.94,3016.0,73.42,92.06,2017,2
38,Isère,524,Varces-Allières-et-Risset,5113.0,1124.0,21.98,3989.0,78.02,416.0,8.14,10.43,3573.0,69.88,89.57,2017,2
38,Isère,528,Vaulnaveys-le-Bas,979.0,184.0,18.79,795.0,81.21,98.0,10.01,12.33,697.0,71.2,87.67,2017,2
38,Isère,529,Vaulnaveys-le-Haut,3060.0,710.0,23.2,2350.0,76.8,241.0,7.88,10.26,2109.0,68.92,89.74,2017,2
38,Isère,533,Venon,606.0,85.0,14.03,521.0,85.97,65.0,10.73,12.48,456.0,75.25,87.52,2017,2
38,Isère,540,Veurey-Voroize,1077.0,234.0,21.73,843.0,78.27,83.0,7.71,9.85,760.0,70.57,90.15,2017,2
38,Isère,545,Vif,6364.0,1330.0,20.9,5034.0,79.1,518.0,8.14,10.29,4516.0,70.96,89.71,2017,2
38,Isère,562,Vizille,4961.0,1512.0,30.48,3449.0,69.52,419.0,8.45,12.15,3030.0,61.08,87.85,2017,2
42,Loire,001,Aboën,330.0,54.0,16.36,276.0,83.64,21.0,6.36,7.61,255.0,77.27,92.39,2017,2
42,Loire,005,Andrézieux-Bouthéon,6057.0,1667.0,27.52,4390.0,72.48,470.0,7.76,10.71,3920.0,64.72,89.29,2017,2
42,Loire,031,Caloire,286.0,61.0,21.33,225.0,78.67,28.0,9.79,12.44,197.0,68.88,87.56,2017,2
42,Loire,032,Cellieu,1278.0,198.0,15.49,1080.0,84.51,125.0,9.78,11.57,955.0,74.73,88.43,2017,2
42,Loire,036,Chagnon,381.0,75.0,19.69,306.0,80.31,36.0,9.45,11.76,270.0,70.87,88.24,2017,2
42,Loire,043,Chamboeuf,1343.0,209.0,15.56,1134.0,84.44,136.0,10.13,11.99,998.0,74.31,88.01,2017,2
42,Loire,044,Le Chambon-Feugerolles,7752.0,2246.0,28.97,5506.0,71.03,557.0,7.19,10.12,4949.0,63.84,89.88,2017,2
42,Loire,053,Châteauneuf,1284.0,265.0,20.64,1019.0,79.36,121.0,9.42,11.87,898.0,69.94,88.13,2017,2
42,Loire,083,Dargoire,397.0,84.0,21.16,313.0,78.84,46.0,11.59,14.7,267.0,67.25,85.3,2017,2
42,Loire,085,Doizieux,693.0,138.0,19.91,555.0,80.09,72.0,10.39,12.97,483.0,69.7,87.03,2017,2
42,Loire,092,L'Etrat,2095.0,421.0,20.1,1674.0,79.9,224.0,10.69,13.38,1450.0,69.21,86.62,2017,2
42,Loire,093,Farnay,1019.0,147.0,14.43,872.0,85.57,112.0,10.99,12.84,760.0,74.58,87.16,2017,2
42,Loire,095,Firminy,11105.0,3168.0,28.53,7937.0,71.47,947.0,8.53,11.93,6990.0,62.94,88.07,2017,2
42,Loire,096,Fontanès,483.0,82.0,16.98,401.0,83.02,37.0,7.66,9.23,364.0,75.36,90.77,2017,2
42,Loire,097,La Fouillouse,3475.0,744.0,21.41,2731.0,78.59,303.0,8.72,11.09,2428.0,69.87,88.91,2017,2
42,Loire,099,Fraisses,2763.0,596.0,21.57,2167.0,78.43,251.0,9.08,11.58,1916.0,69.34,88.42,2017,2
42,Loire,100,La Gimond,214.0,35.0,16.36,179.0,83.64,23.0,10.75,12.85,156.0,72.9,87.15,2017,2
42,Loire,103,La Grand-Croix,2957.0,763.0,25.8,2194.0,74.2,242.0,8.18,11.03,1952.0,66.01,88.97,2017,2
42,Loire,110,L'Horme,2963.0,790.0,26.66,2173.0,73.34,214.0,7.22,9.85,1959.0,66.12,90.15,2017,2
42,Loire,123,Lorette,2971.0,833.0,28.04,2138.0,71.96,242.0,8.15,11.32,1896.0,63.82,88.68,2017,2
42,Loire,133,Marcenod,491.0,51.0,10.39,440.0,89.61,56.0,11.41,12.73,384.0,78.21,87.27,2017,2
42,Loire,167,Pavezin,268.0,34.0,12.69,234.0,87.31,20.0,7.46,8.55,214.0,79.85,91.45,2017,2
42,Loire,183,La Ricamarie,4808.0,1855.0,38.58,2953.0,61.42,309.0,6.43,10.46,2644.0,54.99,89.54,2017,2
42,Loire,186,Rive-de-Gier,8224.0,2847.0,34.62,5377.0,65.38,605.0,7.36,11.25,4772.0,58.03,88.75,2017,2
42,Loire,189,Roche-la-Molière,7672.0,1967.0,25.64,5705.0,74.36,648.0,8.45,11.36,5057.0,65.92,88.64,2017,2
42,Loire,192,Rozier-Côtes-d'Aurec,360.0,79.0,21.94,281.0,78.06,39.0,10.83,13.88,242.0,67.22,86.12,2017,2
42,Loire,206,Saint-Bonnet-les-Oules,1331.0,240.0,18.03,1091.0,81.97,145.0,10.89,13.29,946.0,71.07,86.71,2017,2
42,Loire,207,Saint-Chamond,24000.0,7798.0,32.49,16202.0,67.51,1857.0,7.74,11.46,14345.0,59.77,88.54,2017,2
42,Loire,208,Saint-Christo-en-Jarez,1317.0,176.0,13.36,1141.0,86.64,121.0,9.19,10.6,1020.0,77.45,89.4,2017,2
42,Loire,210,Sainte-Croix-en-Jarez,363.0,69.0,19.01,294.0,80.99,42.0,11.57,14.29,252.0,69.42,85.71,2017,2
42,Loire,218,Saint-Etienne,91816.0,27364.0,29.8,64452.0,70.2,6589.0,7.18,10.22,57863.0,63.02,89.78,2017,2
42,Loire,222,Saint-Galmier,4073.0,830.0,20.38,3243.0,79.62,395.0,9.7,12.18,2848.0,69.92,87.82,2017,2
42,Loire,223,Saint-Genest-Lerpt,4289.0,820.0,19.12,3469.0,80.88,379.0,8.84,10.93,3090.0,72.04,89.07,2017,2
42,Loire,225,Genilac,2854.0,640.0,22.42,2214.0,77.58,248.0,8.69,11.2,1966.0,68.89,88.8,2017,2
42,Loire,234,Saint-Héand,2865.0,545.0,19.02,2320.0,80.98,283.0,9.88,12.2,2037.0,71.1,87.8,2017,2
42,Loire,237,Saint-Jean-Bonnefonds,4781.0,1224.0,25.6,3557.0,74.4,455.0,9.52,12.79,3102.0,64.88,87.21,2017,2
42,Loire,242,Saint-Joseph,1415.0,323.0,22.83,1092.0,77.17,149.0,10.53,13.64,943.0,66.64,86.36,2017,2
42,Loire,259,Saint-Martin-la-Plaine,2785.0,564.0,20.25,2221.0,79.75,272.0,9.77,12.25,1949.0,69.98,87.75,2017,2
42,Loire,262,Saint-Maurice-en-Gourgois,1206.0,205.0,17.0,1001.0,83.0,132.0,10.95,13.19,869.0,72.06,86.81,2017,2
42,Loire,266,Saint-Nizier-de-Fornas,499.0,99.0,19.84,400.0,80.16,57.0,11.42,14.25,343.0,68.74,85.75,2017,2
42,Loire,270,Saint-Paul-en-Cornillon,1069.0,223.0,20.86,846.0,79.14,103.0,9.64,12.17,743.0,69.5,87.83,2017,2
42,Loire,271,Saint-Paul-en-Jarez,3000.0,615.0,20.5,2385.0,79.5,280.0,9.33,11.74,2105.0,70.17,88.26,2017,2
42,Loire,275,Saint-Priest-en-Jarez,4151.0,976.0,23.51,3175.0,76.49,358.0,8.62,11.28,2817.0,67.86,88.72,2017,2
42,Loire,283,Saint-Romain-en-Jarez,959.0,178.0,18.56,781.0,81.44,84.0,8.76,10.76,697.0,72.68,89.24,2017,2
42,Loire,302,Sorbiers,6141.0,1235.0,20.11,4906.0,79.89,528.0,8.6,10.76,4378.0,71.29,89.24,2017,2
42,Loire,305,La Talaudière,4484.0,968.0,21.59,3516.0,78.41,392.0,8.74,11.15,3124.0,69.67,88.85,2017,2
42,Loire,307,Tartaras,571.0,93.0,16.29,478.0,83.71,66.0,11.56,13.81,412.0,72.15,86.19,2017,2
42,Loire,308,La Terrasse-sur-Dorlay,557.0,113.0,20.29,444.0,79.71,55.0,9.87,12.39,389.0,69.84,87.61,2017,2
42,Loire,311,La Tour-en-Jarez,932.0,154.0,16.52,778.0,83.48,84.0,9.01,10.8,694.0,74.46,89.2,2017,2
42,Loire,316,Unieux,5971.0,1453.0,24.33,4518.0,75.67,507.0,8.49,11.22,4011.0,67.17,88.78,2017,2
42,Loire,320,Valfleury,479.0,77.0,16.08,402.0,83.92,59.0,12.32,14.68,343.0,71.61,85.32,2017,2
42,Loire,322,La Valla-en-Gier,716.0,102.0,14.25,614.0,85.75,50.0,6.98,8.14,564.0,78.77,91.86,2017,2
42,Loire,330,Villars,6046.0,1347.0,22.28,4699.0,77.72,519.0,8.58,11.04,4180.0,69.14,88.96,2017,2
76,Seine-Maritime,005,Amfreville-la-Mi-Voie,2294.0,727.0,31.69,1567.0,68.31,185.0,8.06,11.81,1382.0,60.24,88.19,2017,2
76,Seine-Maritime,020,Anneville-Ambourville,958.0,191.0,19.94,767.0,80.06,88.0,9.19,11.47,679.0,70.88,88.53,2017,2
76,Seine-Maritime,039,Les Authieux-sur-le-Port-Saint-Ouen,964.0,135.0,14.0,829.0,86.0,89.0,9.23,10.74,740.0,76.76,89.26,2017,2
76,Seine-Maritime,056,Bardouville,479.0,71.0,14.82,408.0,85.18,50.0,10.44,12.25,358.0,74.74,87.75,2017,2
76,Seine-Maritime,069,Belbeuf,1884.0,363.0,19.27,1521.0,80.73,177.0,9.39,11.64,1344.0,71.34,88.36,2017,2
76,Seine-Maritime,088,Berville-sur-Seine,406.0,72.0,17.73,334.0,82.27,33.0,8.13,9.88,301.0,74.14,90.12,2017,2
76,Seine-Maritime,095,Bihorel,6213.0,1275.0,20.52,4938.0,79.48,487.0,7.84,9.86,4451.0,71.64,90.14,2017,2
76,Seine-Maritime,103,Bonsecours,5139.0,1086.0,21.13,4053.0,78.87,440.0,8.56,10.86,3613.0,70.31,89.14,2017,2
76,Seine-Maritime,108,Bois-Guillaume,11186.0,2858.0,25.55,8328.0,74.45,799.0,7.14,9.59,7529.0,67.31,90.41,2017,2
76,Seine-Maritime,116,Boos,2850.0,581.0,20.39,2269.0,79.61,304.0,10.67,13.4,1965.0,68.95,86.6,2017,2
76,Seine-Maritime,131,La Bouille,498.0,94.0,18.88,404.0,81.12,46.0,9.24,11.39,358.0,71.89,88.61,2017,2
76,Seine-Maritime,157,Canteleu,8999.0,2472.0,27.47,6527.0,72.53,805.0,8.95,12.33,5722.0,63.58,87.67,2017,2
76,Seine-Maritime,165,Caudebec-lès-Elbeuf,6843.0,2343.0,34.24,4500.0,65.76,558.0,8.15,12.4,3942.0,57.61,87.6,2017,2
76,Seine-Maritime,178,Cléon,3106.0,867.0,27.91,2239.0,72.09,302.0,9.72,13.49,1937.0,62.36,86.51,2017,2
76,Seine-Maritime,212,Darnétal,5944.0,1737.0,29.22,4207.0,70.78,497.0,8.36,11.81,3710.0,62.42,88.19,2017,2
76,Seine-Maritime,216,Déville-lès-Rouen,7113.0,2162.0,30.4,4951.0,69.6,562.0,7.9,11.35,4389.0,61.7,88.65,2017,2
76,Seine-Maritime,222,Duclair,3154.0,706.0,22.38,2448.0,77.62,317.0,10.05,12.95,2131.0,67.56,87.05,2017,2
76,Seine-Maritime,231,Elbeuf,9412.0,3190.0,33.89,6222.0,66.11,737.0,7.83,11.85,5485.0,58.28,88.15,2017,2
76,Seine-Maritime,237,Epinay-sur-Duclair,402.0,64.0,15.92,338.0,84.08,41.0,10.2,12.13,297.0,73.88,87.87,2017,2
76,Seine-Maritime,273,Fontaine-sous-Préaux,444.0,80.0,18.02,364.0,81.98,50.0,11.26,13.74,314.0,70.72,86.26,2017,2
76,Seine-Maritime,282,Freneuse,767.0,150.0,19.56,617.0,80.44,83.0,10.82,13.45,534.0,69.62,86.55,2017,2
76,Seine-Maritime,313,Gouy,678.0,100.0,14.75,578.0,85.25,62.0,9.14,10.73,516.0,76.11,89.27,2017,2
76,Seine-Maritime,319,Grand-Couronne,6545.0,1784.0,27.26,4761.0,72.74,588.0,8.98,12.35,4173.0,63.76,87.65,2017,2
76,Seine-Maritime,322,Le Grand-Quevilly,18743.0,4135.0,22.06,14608.0,77.94,1968.0,10.5,13.47,12640.0,67.44,86.53,2017,2
76,Seine-Maritime,350,Hautot-sur-Seine,295.0,41.0,13.9,254.0,86.1,29.0,9.83,11.42,225.0,76.27,88.58,2017,2
76,Seine-Maritime,354,Hénouville,1027.0,152.0,14.8,875.0,85.2,106.0,10.32,12.11,769.0,74.88,87.89,2017,2
76,Seine-Maritime,366,Le Houlme,3079.0,857.0,27.83,2222.0,72.17,288.0,9.35,12.96,1934.0,62.81,87.04,2017,2
76,Seine-Maritime,367,Houppeville,2170.0,282.0,13.0,1888.0,87.0,216.0,9.95,11.44,1672.0,77.05,88.56,2017,2
76,Seine-Maritime,377,Isneauville,2420.0,362.0,14.96,2058.0,85.04,234.0,9.67,11.37,1824.0,75.37,88.63,2017,2
76,Seine-Maritime,378,Jumièges,1503.0,383.0,25.48,1120.0,74.52,117.0,7.78,10.45,1003.0,66.73,89.55,2017,2
76,Seine-Maritime,391,La Londe,1963.0,372.0,18.95,1591.0,81.05,225.0,11.46,14.14,1366.0,69.59,85.86,2017,2
76,Seine-Maritime,402,Malaunay,4807.0,1288.0,26.79,3519.0,73.21,440.0,9.15,12.5,3079.0,64.05,87.5,2017,2
76,Seine-Maritime,410,Maromme,6725.0,1773.0,26.36,4952.0,73.64,585.0,8.7,11.81,4367.0,64.94,88.19,2017,2
76,Seine-Maritime,429,Le Mesnil-Esnard,6245.0,1167.0,18.69,5078.0,81.31,514.0,8.23,10.12,4564.0,73.08,89.88,2017,2
76,Seine-Maritime,436,Le Mesnil-sous-Jumièges,520.0,112.0,21.54,408.0,78.46,42.0,8.08,10.29,366.0,70.38,89.71,2017,2
76,Seine-Maritime,448,Montmain,1135.0,205.0,18.06,930.0,81.94,114.0,10.04,12.26,816.0,71.89,87.74,2017,2
76,Seine-Maritime,451,Mont-Saint-Aignan,13092.0,3155.0,24.1,9937.0,75.9,1033.0,7.89,10.4,8904.0,68.01,89.6,2017,2
76,Seine-Maritime,457,Moulineaux,683.0,142.0,20.79,541.0,79.21,75.0,10.98,13.86,466.0,68.23,86.14,2017,2
76,Seine-Maritime,464,La Neuville-Chant-d'Oisel,1757.0,305.0,17.36,1452.0,82.64,176.0,10.02,12.12,1276.0,72.62,87.88,2017,2
76,Seine-Maritime,474,Notre-Dame-de-Bondeville,5431.0,1480.0,27.25,3951.0,72.75,425.0,7.83,10.76,3526.0,64.92,89.24,2017,2
76,Seine-Maritime,475,Franqueville-Saint-Pierre,4792.0,850.0,17.74,3942.0,82.26,443.0,9.24,11.24,3499.0,73.02,88.76,2017,2
76,Seine-Maritime,484,Oissel,7242.0,1881.0,25.97,5361.0,74.03,818.0,11.3,15.26,4543.0,62.73,84.74,2017,2
76,Seine-Maritime,486,Orival,709.0,205.0,28.91,504.0,71.09,61.0,8.6,12.1,443.0,62.48,87.9,2017,2
76,Seine-Maritime,497,Petit-Couronne,6241.0,1623.0,26.01,4618.0,73.99,666.0,10.67,14.42,3952.0,63.32,85.58,2017,2
76,Seine-Maritime,498,Le Petit-Quevilly,12703.0,3576.0,28.15,9127.0,71.85,1034.0,8.14,11.33,8093.0,63.71,88.67,2017,2
76,Seine-Maritime,513,Quevillon,473.0,76.0,16.07,397.0,83.93,35.0,7.4,8.82,362.0,76.53,91.18,2017,2
76,Seine-Maritime,514,Quévreville-la-Poterie,867.0,185.0,21.34,682.0,78.66,108.0,12.46,15.84,574.0,66.21,84.16,2017,2
76,Seine-Maritime,536,Roncherolles-sur-le-Vivier,926.0,143.0,15.44,783.0,84.56,98.0,10.58,12.52,685.0,73.97,87.48,2017,2
76,Seine-Maritime,540,Rouen,56976.0,14568.0,25.57,42408.0,74.43,4225.0,7.42,9.96,38183.0,67.02,90.04,2017,2
76,Seine-Maritime,550,Sahurs,1009.0,202.0,20.02,807.0,79.98,94.0,9.32,11.65,713.0,70.66,88.35,2017,2
76,Seine-Maritime,558,Saint-Aubin-Celloville,801.0,139.0,17.35,662.0,82.65,90.0,11.24,13.6,572.0,71.41,86.4,2017,2
76,Seine-Maritime,560,Saint-Aubin-Epinay,772.0,113.0,14.64,659.0,85.36,81.0,10.49,12.29,578.0,74.87,87.71,2017,2
76,Seine-Maritime,561,Saint-Aubin-lès-Elbeuf,5723.0,1494.0,26.11,4229.0,73.89,522.0,9.12,12.34,3707.0,64.77,87.66,2017,2
76,Seine-Maritime,575,Saint-Etienne-du-Rouvray,16964.0,4932.0,29.07,12032.0,70.93,1523.0,8.98,12.66,10509.0,61.95,87.34,2017,2
76,Seine-Maritime,591,Saint-Jacques-sur-Darnétal,2372.0,449.0,18.93,1923.0,81.07,234.0,9.87,12.17,1689.0,71.21,87.83,2017,2
76,Seine-Maritime,599,Saint-Léger-du-Bourg-Denis,2591.0,542.0,20.92,2049.0,79.08,263.0,10.15,12.84,1786.0,68.93,87.16,2017,2
76,Seine-Maritime,608,Sainte-Marguerite-sur-Duclair,1480.0,246.0,16.62,1234.0,83.38,132.0,8.92,10.7,1102.0,74.46,89.3,2017,2
76,Seine-Maritime,614,Saint-Martin-de-Boscherville,1286.0,223.0,17.34,1063.0,82.66,119.0,9.25,11.19,944.0,73.41,88.81,2017,2
76,Seine-Maritime,617,Saint-Martin-du-Vivier,1507.0,237.0,15.73,1270.0,84.27,150.0,9.95,11.81,1120.0,74.32,88.19,2017,2
76,Seine-Maritime,631,Saint-Paër,1066.0,198.0,18.57,868.0,81.43,122.0,11.44,14.06,746.0,69.98,85.94,2017,2
76,Seine-Maritime,634,Saint-Pierre-de-Manneville,656.0,121.0,18.45,535.0,81.55,51.0,7.77,9.53,484.0,73.78,90.47,2017,2
76,Seine-Maritime,636,Saint-Pierre-de-Varengeville,1868.0,321.0,17.18,1547.0,82.82,173.0,9.26,11.18,1374.0,73.55,88.82,2017,2
76,Seine-Maritime,640,Saint-Pierre-lès-Elbeuf,6472.0,1882.0,29.08,4590.0,70.92,585.0,9.04,12.75,4005.0,61.88,87.25,2017,2
76,Seine-Maritime,681,Sotteville-lès-Rouen,20085.0,5206.0,25.92,14879.0,74.08,1899.0,9.45,12.76,12980.0,64.63,87.24,2017,2
76,Seine-Maritime,682,Sotteville-sous-le-Val,576.0,112.0,19.44,464.0,80.56,65.0,11.28,14.01,399.0,69.27,85.99,2017,2
76,Seine-Maritime,705,Tourville-la-Rivière,1840.0,425.0,23.1,1415.0,76.9,190.0,10.33,13.43,1225.0,66.58,86.57,2017,2
76,Seine-Maritime,709,Le Trait,3963.0,1271.0,32.07,2692.0,67.93,314.0,7.92,11.66,2378.0,60.01,88.34,2017,2
76,Seine-Maritime,717,Val-de-la-Haye,545.0,96.0,17.61,449.0,82.39,48.0,8.81,10.69,401.0,73.58,89.31,2017,2
76,Seine-Maritime,750,Yainville,882.0,196.0,22.22,686.0,77.78,104.0,11.79,15.16,582.0,65.99,84.84,2017,2
76,Seine-Maritime,753,Ymare,972.0,188.0,19.34,784.0,80.66,113.0,11.63,14.41,671.0,69.03,85.59,2017,2
76,Seine-Maritime,759,Yville-sur-Seine,358.0,54.0,15.08,304.0,84.92,35.0,9.78,11.51,269.0,75.14,88.49,2017,2
